{
  "type": "spectrum:pedestal",
  "time": 120,
  "tier": "complex",
  "cyan": 2,
  "magenta": 0,
  "yellow": 0,
  "white": 2,
  "black": 0,
  "experience": 0.0,
  "pattern": [
    " A ",
    "ABA",
    " A "
  ],
  "key": {
    "A": {
      "item": "spectrum:light_gray_pigment"
    },
    "B": {
      "item": "preserved-building:azurite_stone"
    }
  },
  "result": {
    "item": "preserved-building:light_gray_chiseled_azurite_stone",
    "count": 1
  },
  "required_advancement": "spectrum:lategame/find_excavation_site"
}